[
  {
    "line": 3,
    "elements": [
      {
        "line": 6,
        "name": "Login Icompass with Valid Credentials",
        "description": "",
        "id": "multiple-scenario-testing;login-icompass-with-valid-credentials",
        "type": "scenario",
        "keyword": "Scenario",
        "steps": [
          {
            "result": {
              "duration": 11814263500,
              "status": "passed"
            },
            "line": 7,
            "name": "navigate to Icompass url",
            "match": {
              "location": "StepsDefinition.navigate_to_Icompass_url()"
            },
            "keyword": "Given "
          },
          {
            "result": {
              "duration": 248548401,
              "status": "passed"
            },
            "line": 8,
            "name": "User enter valid username \"190047\" and valid password \"Love*Care\"",
            "match": {
              "arguments": [
                {
                  "val": "190047",
                  "offset": 27
                },
                {
                  "val": "Love*Care",
                  "offset": 55
                }
              ],
              "location": "StepsDefinition.user_enter_valid_username_and_valid_password(String,String)"
            },
            "keyword": "When "
          },
          {
            "result": {
              "duration": 343434000,
              "status": "passed"
            },
            "line": 9,
            "name": "Login Successfully",
            "match": {
              "location": "StepsDefinition.login_Successfully()"
            },
            "keyword": "Then "
          }
        ]
      },
      {
        "line": 12,
        "name": "Display Climate Details",
        "description": "",
        "id": "multiple-scenario-testing;display-climate-details",
        "type": "scenario",
        "keyword": "Scenario",
        "steps": [
          {
            "result": {
              "duration": 6088174600,
              "status": "passed"
            },
            "line": 13,
            "name": "navigate to Google url",
            "match": {
              "location": "StepsDefinition.navigate_to_Google_url()"
            },
            "keyword": "Given "
          },
          {
            "result": {
              "duration": 2088435500,
              "status": "passed"
            },
            "line": 14,
            "name": "User enter input \"chennai climate\"",
            "match": {
              "arguments": [
                {
                  "val": "chennai climate",
                  "offset": 18
                }
              ],
              "location": "StepsDefinition.user_enter_input(String)"
            },
            "keyword": "When "
          },
          {
            "result": {
              "duration": 92900,
              "status": "passed"
            },
            "line": 15,
            "name": "Climate details displayed",
            "match": {
              "location": "StepsDefinition.climate_details_displayed()"
            },
            "keyword": "Then "
          }
        ]
      },
      {
        "line": 18,
        "name": "Display Google Images",
        "description": "",
        "id": "multiple-scenario-testing;display-google-images",
        "type": "scenario",
        "keyword": "Scenario",
        "steps": [
          {
            "result": {
              "duration": 6110192100,
              "status": "passed"
            },
            "line": 19,
            "name": "navigate to Google url",
            "match": {
              "location": "StepsDefinition.navigate_to_Google_url()"
            },
            "keyword": "Given "
          },
          {
            "result": {
              "duration": 1132295401,
              "status": "passed"
            },
            "line": 20,
            "name": "User click on image link",
            "match": {
              "location": "StepsDefinition.user_click_on_image_link()"
            },
            "keyword": "When "
          },
          {
            "result": {
              "duration": 122200,
              "status": "passed"
            },
            "line": 21,
            "name": "Display images page",
            "match": {
              "location": "StepsDefinition.display_images_page()"
            },
            "keyword": "Then "
          }
        ]
      }
    ],
    "name": "Multiple Scenario Testing",
    "description": "",
    "id": "multiple-scenario-testing",
    "keyword": "Feature",
    "uri": "src/login.feature",
    "tags": [
      {
        "line": 1,
        "name": "@SmokeTest"
      },
      {
        "line": 2,
        "name": "@Test"
      }
    ]
  }
]